{"anomaly_threshold": 82.99138470458985, "mean_error": 54.98533248901367, "std_error": 8.324438095092773}