{"anomaly_threshold": 80.13302352142335, "mean_error": 52.14341354370117, "std_error": 8.376349449157715}