{"anomaly_threshold": 80.13215010833741, "mean_error": 52.14360427856445, "std_error": 8.37598705291748}