{"anomaly_threshold": 80.13346305847169, "mean_error": 52.142784118652344, "std_error": 8.37672233581543}