{"anomaly_threshold": 0.06146829804214622, "mean_error": 0.013320212807806122, "std_error": 0.012501400311830871}