{"anomaly_threshold": 0.10092027175390246, "mean_error": 0.02289970821053623, "std_error": 0.020157188597849384}