{"anomaly_threshold": 0.0924069741579559, "mean_error": 0.02086927873623484, "std_error": 0.0184920405451104}