{"anomaly_threshold": 101.08856201171875, "mean_error": 62.055763244628906, "std_error": 13.010932922363281}