{"anomaly_threshold": 94.57928848266602, "mean_error": 62.053863525390625, "std_error": 13.010169982910156}